path	bytes	sha256
.github/workflows/deploy.yml	998	204df44465036fc73f16f9f385b59c076b362173e928e8c90d78aad5ca7aea77
.gitignore	62	fbd5be366ce2d83ad2ed3bbcd61d053713abaef3659f588edfbc80ba62423eb1
README.md	1119	aa004632e9cb85b7e594de68eae5462ada3c3e4d34c1597b5d019fbc5f02f955
docs/TAROT_PROJECT_STATE.md	1523	eab1ad5290ebc7f81957c51f2eeb86f80cfc4fb50b875bdbf6085ffb4b3b0c8e
index.html	643	865dae0c9298703350cbec6313800c5669f925127184f0c5c6ad577dce62800d
package-lock.json	54797	2492c8f7d3586b1964f6924ccdfb311e4d70c1ea0e82656d2882d8a8356ff8d3
package.json	636	8048b86c944b50bccad3f5e9e93d433ecefac83172008b196be2e207d2faf91f
public/cards/cups-10.webp	50792	d4afbd9b3292df78299f9ade5cb42a54b4bf42255adf6543eea55667b7365849
public/cards/cups-2.webp	62126	6c1d7283b25a0bfcb741540aa37b23fd7ce6ff2f69833b528f009cfbdbfa9e57
public/cards/cups-3.webp	82234	e78281ba9294d4c08d95b8ed2fac9dbbf3b35c78a04adbc1d810ee7a08ca3386
public/cards/cups-4.webp	63128	b946d3e246940fe01c22e064a59576cc324b802a3c69359575939831207040bb
public/cards/cups-5.webp	40766	b968661147ff441709d73469dd58e9787a239a2a8a58d0d74f5976fbd5de25ab
public/cards/cups-6.webp	86746	c2e3aeb389bf3b04f0050189feb1c32cad8665d1d3d193e176cb4134d17099fc
public/cards/cups-7.webp	78552	a4b047d74ff9eaa7c1b690dd995df84579fcd1a993ef404b850aebf07b39c5f8
public/cards/cups-8.webp	49332	2c87b51abfb1413cbd6d528bb3eddcb0bf9be6d5230ceccb726716f67f664a11
public/cards/cups-9.webp	75798	65c966d24cfcaf4e89164a4587a1cbfecce230f34bd9983c4f5d41b642bc450c
public/cards/cups-ace.webp	61458	917fc715088160b9659e58e01877b679369e4c1c9cdec2dbcc4234d28b41a924
public/cards/cups-king.webp	76326	0eec2d74ebb1aff0f0f458f1649c176a525481764ddbc7cf99a10d8cc1804577
public/cards/cups-knight.webp	64410	640774da7fcbb58e43c1088bbd0f01f189f7412f6e4d33ba35f313f134aff8e0
public/cards/cups-page.webp	47508	0e7a413c147b6b973f822cc48105cdb22077761091695823368e052386a63074
public/cards/cups-queen.webp	81848	8534069b83e0f03064591b7e7719297f4aa050af1c5a5fdab4ad9512284f6cd1
public/cards/major-00.webp	68078	bf74620af9af09de661fd67fa6fcb2246019c15fd5d42a8f2b5a0325d9cdb59a
public/cards/major-01.webp	74740	58ba5cedfe2488d60840897e0a493d8816cf18dc7c360d5136938215fed48238
public/cards/major-02.webp	88460	8f9a8293715c599f46df38c210482ddb9ce18fcda26299a87bb298c78cb02b07
public/cards/major-03.webp	117368	3600fe6ea9b51ef873771b7687f2bc5bfad2ec381869c6304f6310e0425a7d7f
public/cards/major-04.webp	91408	c561e897116f36abb02198a36c8e11d5940fa8617fba8b3bdb65b03e8bce5df1
public/cards/major-05.webp	99296	92e81334d1f8ad27a37078a6813f4ffc116377e8a4f7bf5a8b4e3e9f4747de21
public/cards/major-06.webp	104028	da8da4f178cc6132e738dffc24a4fc5e87238e83d6931192c561f85067f5e435
public/cards/major-07.webp	92938	4187fb9d1807c56a63b7bec70a8639779c16d67efe78da6ef95b7257dfd54bf7
public/cards/major-08.webp	61726	dd08c0ca31458f55b16401ab05f956a16541aa97f3b86cc8c833dd016d3fbedb
public/cards/major-09.webp	52036	1a97d97bd2c1fc57d9ffbb3411a3d03c110aa5dddc736cf75775979b127d4b57
public/cards/major-10.webp	72098	2bf26c6c8e61c302cd8a86eec71ff9eb9aec58ed1290929459a84d5229b11097
public/cards/major-11.webp	102958	e0a28b6c5c4327265e3ce83cbc4d87c0f0916b33293d3989eb25731718d58371
public/cards/major-12.webp	54364	24e7f01a54cb24c747501b48e9379209bfd7deec7bd44df5bc0196b2b914f636
public/cards/major-13.webp	101892	92083d77f9d39e6710ba294d0a5c4313bfb455055bd382fcafbec17867af8d3f
public/cards/major-14.webp	108476	d36b4afd718b93b4e8b0a10b45cdfe888628a975335b88d5444afa295e4e7dc0
public/cards/major-15.webp	77754	d1d910a3b103ccf3a17dd14f088294a9a902df371fdd07f201fab2103e655b0b
public/cards/major-16.webp	69560	29398586fa0a195ddd608c32715b242ca14c4a0c75356452617a3f72d937c377
public/cards/major-17.webp	73952	fc18e2bf727c4209af4d410a47307e3bbd375e8d0caa646155a3e2e4d11068a9
public/cards/major-18.webp	76680	027c5887aa83bbab88b41ca8ad317fdd46de7674ff7e104a10af08c05fb5a366
public/cards/major-19.webp	94736	9a9cd8fce7b644d80c9e850a78f6b53bed104abc1e4bea95843405ccecc68b94
public/cards/major-20.webp	96494	9c0f75742dc8706423c8c862fa4c03cb02b685e540a209936870fe05c86c1ea9
public/cards/major-21.webp	90058	fe8b7945f0b9415ae3cd8c3191faf9d65bdf35138d14c7cc845f73d2238eaa94
public/cards/pentacles-10.webp	103466	ecb13b7e7e6af17d2335c6005c54a0b17188bb8c08c0c776f343589571d98b21
public/cards/pentacles-2.webp	40838	551a339ab3eaf11c26ae73ff79735e8bb68dc82c53cfc33878b2f9c117996c10
public/cards/pentacles-3.webp	89068	cded06d63f5cd166c8fb3b1110e36935d548b8cea14d8712c81b655bdba11892
public/cards/pentacles-4.webp	37272	cf16df78dce8b091b082569bf600fcc3cd82712e37a77cebb9f6917704f7ced6
public/cards/pentacles-5.webp	112068	6767af7c4ae4f5a9023aa8472e83c00a3fd3757cdb1b8e6387911f3bc53e5968
public/cards/pentacles-6.webp	55434	b556f6ba473c0c22b8f19941c270132e8271378001a58b766b4ee3a3a8a7f0a6
public/cards/pentacles-7.webp	60920	18c1b091243c57e094e4f6d10486b1a36dd922f248334d056a72de25566fd437
public/cards/pentacles-8.webp	55004	b4551c4543bcc32fe5f91d17ba4528c269ec0b23c3417a4bae2477f96d053a30
public/cards/pentacles-9.webp	73120	6cd6001f46e01f39ec319a11dddadbab3f19c90a9b219822f03855cf54d2021b
public/cards/pentacles-ace.webp	53626	2b41887338d0b8d3f29708865da0f473bdbef2a031968e992d0138f09906d2ad
public/cards/pentacles-king.webp	97834	4187ae914da570fcfd3df04843f73d4a8f7d85af18714bdc4e72fce816acb9e8
public/cards/pentacles-knight.webp	62718	625a7780a6847b1d4b038288d31f203568b4568d98be5b0e1ed105acfd0c1505
public/cards/pentacles-page.webp	55774	586fe3a97ed92e611f30fb6139387b17cdcea8a17dc640376ce11d8101e7f662
public/cards/pentacles-queen.webp	115244	8c023f98abd34e664768b530b07f13a203ce81a3f4616f839499fd0bbc56a93f
public/cards/provenance.json	7475	7fb5a691749883f3f992ba23b637d9020e1e73f4e1602e1304b6c8824d68937d
public/cards/swords-10.webp	64832	0b616dc10c2db4021e00510e7e693f8c7c6f2a3c3efd6373151dc0024774c0cc
public/cards/swords-2.webp	43840	6fc97c869b8ee76293fc1b21fda64bc0ae8797269ef1bbd7da51238ed45e0957
public/cards/swords-3.webp	39872	7290f50c4721ea20a628737152e22a799690e07cd761cda236a5cef60bad8b60
public/cards/swords-4.webp	56614	07a4c0a77fa3a53e662446c205a56f394aae7130b9b3712fc9dadf1e07d9693f
public/cards/swords-5.webp	59996	58fb1f6a159bf6df151aee8e1adb2989bd714102095a8e6ab4d2a1477dd6e15a
public/cards/swords-6.webp	51058	93b1f73b7594f51ee50d08f4eb1a6858524562d949d9d4f65e3941f8534e9ad5
public/cards/swords-7.webp	51344	c71d06dcf90604e61ae18042cfa6108409e75f2579bbe3b99cdf54fda1fbb603
public/cards/swords-8.webp	63708	29df6457af47db7d2f848a38f8f4c07bd1081f9d55bf9e21b873a4a06c1bab45
public/cards/swords-9.webp	72128	0e0c77f66489d2dd21c31026613a1df3ddd3c88418402c8ba892db5a3d4b171a
public/cards/swords-ace.webp	46528	eb96fdd18d5322a8e6e98522296d12213fa722eb6633b40e2cc9eaf6b8445e85
public/cards/swords-king.webp	63632	e61867193800f662b831217ae64e447a65cfda94294759341b7d3d653a51a433
public/cards/swords-knight.webp	74036	5c080b1c79ae4295a2db5b0ad9e0c25a937adb35bd5417485381a1c31cfc38fa
public/cards/swords-page.webp	59474	ca2efdcf761a3c8c6920a31bd35e97a70b43ba2b2ba37453fa4b82a23135e454
public/cards/swords-queen.webp	64162	7aa050cd867df390f0073927c147d139f35233303a33696d4fa75a88dcaf44be
public/cards/wands-10.webp	67188	5572a6917aa0b83ddd91db4269194b609fb812304c2a1bb6d28e4462ea57d190
public/cards/wands-2.webp	57916	6de0fa62cdb35847cc1c74a0a6ba4738270758e3c5c005f382db4a1712f4ddbe
public/cards/wands-3.webp	55748	3d78463d3bd842b0b5a91196a54d187e75d993785e99de5f75394e2797a9512f
public/cards/wands-4.webp	61936	0e72ea887488aca4612bdd0fe5fc049e8f52bac7a18fc4b732d45012f06cdf86
public/cards/wands-5.webp	67408	f4a3f2cc96b244c1456b3f054accb6302a21fb7f9fd5de06150fcc59a9a16a1d
public/cards/wands-6.webp	68084	ae0ff7dbe7603e049c1fb4f33f94eb3e68b506a875eb9a2d0cd73e1936337481
public/cards/wands-7.webp	53636	4309e91f9d56dd3c6ab22f41fef3dc30a4e0cb4c9cde18d313a0dfa56e5d0258
public/cards/wands-8.webp	52230	92d5513f88c1a9b3ff3492d321441b5909a742a35ac5341ba21821167cf46aeb
public/cards/wands-9.webp	77482	3de223454d9fedf84583e798d0ed232c5eeeb2f3c52080ab1597ffaed203949c
public/cards/wands-ace.webp	44824	d8bf073889afca8acef52b7b037fb939feb90d96f0a3dc48a837c38d0d153777
public/cards/wands-king.webp	88094	8f03b445628ea4e6c13108faf0d0b864f8866acdeb38275a96c048b848fb2b3d
public/cards/wands-knight.webp	66066	d56eba408406c7a8d1854b60691e7665b4f91909e31ee7c82b385a0567cf51d8
public/cards/wands-page.webp	56228	fc64de2f91f85d8f7370d1788619e9eb6ad538e25c8ce0a5688d02dffd669adc
public/cards/wands-queen.webp	92198	afb925fadf0ad9cbc598fb6bb105719f7e9237e3e596123853bf81fe27d058ae
public/icon.svg	339	d8b62b47326e31b179057f567163713115e7d1b43aa9c3949605d04983aa7129
public/manifest.webmanifest	401	46069f1bb9defdded5a2a8b478f4fa3ab0a28cadccde553a3bfe2595a57c16c7
scripts/extract_rws_assets.py	3964	368563af0a326ea3de9aff506c2d142458a07a84103292d7c20f6cb49fa2bbb8
src/App.tsx	7276	f51d6a49569bdde127c43dbb91fbea317835441a453efbc1418415532290c5b0
src/components/CardArtwork.tsx	497	d1b63533bf5a3529468300c3361eefb13296d02eef59a2e47a91f609ef01298c
src/components/CardDetail.tsx	2235	6fb7c4c732832244c143f4345a60c027f0cfc6ddcbadb11b07ec783f79ae088b
src/components/EvidenceLegend.tsx	1310	44db1eef4e3346881d5939b6aae0bb6453409b05bc16cf8d2982dc25d531be72
src/components/PracticeLoop.tsx	2547	4741b68ef0ca79830fa94fbd4dc663c9bee682d8dad5fd9a9c13d47bda11ad4a
src/components/TarotMap.tsx	3433	1b3b1738a0e73b396b04af1740e2b8e0477715e7f9ade4350db7e297ccdeed37
src/content/cards.ts	31425	c1e60b545663d74fccc8b403bb5590427a66a0d08c27a8ea2b9cb08c480c3b96
src/content/glossary.ts	2318	225be24c5f4d88f4e380f25db02e393de6c1a60eefef8772d17d7759b40ca97d
src/content/quizzes.ts	4637	08f396c98059a1b8ecfda693b66ee580b3c0efe3b4c05ffec56f3918ae67c9ff
src/domain/mastery.ts	1684	bdfd13f5d73dc3b11547d4475cd33978cf08c0f07f61b66d3928373b259f03e9
src/domain/types.ts	1261	6b9fe5e461494662fb3c7b6217f2e7fac4fc82a10efd83ae3055b2ccd6f950ce
src/main.tsx	232	ccbefe7be6c69706a1bb01c4c3f20492eb002435af6ba7e5a6d45f7c6aa3a140
src/persistence/progress.ts	1442	4d83f71c58a66a61798d0412d6efff4c1dc6a195514e101191e4c6c62c0793ee
src/styles.css	20955	9f8815141589df94e49e0c3e57c267a03aca812581cb2e4af09b7b04d16824dd
src/vite-env.d.ts	38	65996936fbb042915f7b74a200fcdde7e410f32a669b1ab9597cfaa4b0faddb5
tests/cards.test.ts	1015	ac4d39a8301b854078a7c35479345e7bf62038cf80bb016200741e4916078133
tests/mastery.test.ts	826	7a2e8ec76785798666c3d3256ee7b7527f6d6f3fb527542e9cda849a66c17213
tests/persistence.test.ts	1283	a371337b445bf50fd8065230928561a665aa6beab8a508f84f41302bb79e6745
tsconfig.app.json	554	08c442b0a59084d5ce43a824457d138bc8f727f9647c2e0df4fdca2fae73cf1e
tsconfig.json	119	770b4140bbb581e2dfd9ea9946ffc9c75a1d86ba7d2db5f77c83e37cbdf9d808
tsconfig.node.json	274	c99767a42e809a8e59cb1b87fe545ee32754fd1943e929ff877902eaf6298c24
vite.config.ts	254	8287458cb3ac41f8dcc8d8821876969ddd9c4f47cde00b584a20436c03ae3ed0
